pid_selector,run_id,subrun_id,event_count
12,120000,0,14016
12,120000,1,13565
12,120000,2,13882
12,120000,3,13740
12,120000,4,13957
12,120000,5,13723
12,120000,6,13893
12,120000,7,13600
12,120000,8,13814
12,120000,9,13716
12,120000,10,13874
12,120000,11,13681
12,120000,13,13931
12,120000,14,13789
12,120000,15,13820
12,120000,16,13614
12,120000,17,13767
12,120000,18,13753
12,120000,19,13963
12,120000,20,13644
12,120000,21,13726
12,120000,22,13807
12,120000,23,13856
12,120000,24,13752
12,120000,25,13655
12,120000,26,13788
12,120000,27,13864
12,120000,28,13809
12,120000,29,13642
12,120000,30,13938
12,120000,31,13789
12,120000,32,13892
12,120000,33,13614
12,120000,34,13719
12,120000,36,13911
12,120000,37,13863
12,120000,38,13570
12,120000,40,13755
12,120000,41,13628
12,120000,42,13901
12,120000,44,13921
12,120000,45,13880
12,120000,46,13862
12,120000,48,13852
12,120000,49,13740
12,120000,50,13898
12,120000,52,13776
12,120000,53,13886
12,120000,54,13694
12,120000,56,13722
12,120000,57,13545
12,120000,58,13827
12,120000,59,13388
12,120000,60,13795
12,120000,61,13797
12,120000,62,13919
12,120000,63,13847
12,120000,64,13596
12,120000,65,13570
12,120000,66,13710
12,120000,67,13557
12,120000,68,13773
12,120000,69,13664
12,120000,70,13787
12,120000,71,13897
12,120000,72,13769
12,120000,73,13686
12,120000,74,13777
12,120000,75,13853
12,120000,76,13844
12,120000,77,13693
12,120000,78,13648
12,120000,79,13622
12,120000,80,13578
12,120000,81,13954
12,120000,82,13618
12,120000,83,13738
12,120000,84,13721
12,120000,85,13869
12,120000,86,13707
12,120000,87,13880
12,120000,88,13833
12,120000,89,13782
12,120000,90,13782
12,120000,91,13755
12,120000,92,13724
12,120000,93,13842
12,120000,94,13663
12,120000,95,13967
12,120000,96,13909
12,120000,97,13809
12,120000,98,13927
12,120000,105,13887
12,120000,106,13764
12,120000,107,13713
12,120000,108,13797
12,120000,109,13827
12,120000,110,13724
12,120000,111,13824
12,120000,112,13699
12,120000,113,13851
12,120000,114,13801
12,120000,116,13734
12,120000,117,13877
12,120000,118,13715
12,120000,119,13698
12,120000,120,13759
12,120000,121,13673
12,120000,122,13899
12,120000,123,13796
12,120000,124,13981
12,120000,125,13994
12,120000,126,13879
12,120000,127,13818
12,120000,128,13696
12,120000,129,13888
12,120000,130,13531
12,120000,131,13793
12,120000,132,14037
12,120000,133,13860
12,120000,134,13765
12,120000,135,13880
12,120000,136,13773
12,120000,137,13666
12,120000,138,13779
12,120000,139,13780
12,120000,140,13838
12,120000,141,13921
12,120000,142,13885
12,120000,143,13750
12,120000,144,13851
12,120000,145,13809
12,120000,146,13835
12,120000,147,13652
12,120000,148,13705
12,120000,149,14064
12,120000,150,13996
12,120000,151,13630
12,120000,152,14182
12,120000,153,13736
12,120000,154,13853
12,120000,155,13943
12,120000,156,13730
12,120000,157,13767
12,120000,158,13956
12,120000,159,13714
12,120000,160,13839
12,120000,161,13826
12,120000,162,13792
12,120000,164,13842
12,120000,165,13940
12,120000,166,13737
12,120000,167,13731
12,120000,168,13726
12,120000,169,13844
12,120000,170,13697
12,120000,171,13704
12,120000,173,13692
12,120000,174,13758
12,120000,175,13637
12,120000,176,13746
12,120000,177,13863
12,120000,178,13893
12,120000,179,13803
12,120000,181,13770
12,120000,182,13760
12,120000,183,13721
12,120000,184,13770
12,120000,185,13802
12,120000,186,13885
12,120000,187,13870
12,120000,188,13796
12,120000,189,13673
12,120000,190,14038
12,120000,191,13726
12,120000,192,13871
12,120000,193,13877
12,120000,194,13868
12,120000,195,13897
12,120000,196,13663
12,120000,197,13892
12,120000,198,13742
12,120000,199,13967
12,120000,200,13835
12,120000,201,13905
12,120000,202,13841
12,120000,203,13724
12,120000,204,13732
12,120000,205,13831
12,120000,206,13768
12,120000,207,13692
12,120000,208,13839
12,120000,209,13767
12,120000,210,13759
12,120000,211,13837
12,120000,212,13741
12,120000,213,13694
12,120000,214,13699
12,120000,215,13772
12,120000,216,13710
12,120000,217,13947
12,120000,219,13826
12,120000,220,13699
12,120000,221,13714
12,120000,222,13860
12,120000,223,13804
12,120000,224,13801
12,120000,225,13788
12,120000,226,13660
12,120000,227,13572
12,120000,228,13729
12,120000,229,13570
12,120000,230,13850
12,120000,231,13879
12,120000,232,13648
12,120000,233,13759
12,120000,234,13725
12,120000,235,13716
12,120000,236,13730
12,120000,237,13892
12,120000,238,13892
12,120000,239,13906
12,120000,240,13815
12,120000,241,13722
12,120000,242,13869
12,120000,243,13712
12,120000,244,13803
12,120000,245,13854
12,120000,246,13748
12,120000,247,13803
12,120000,248,13538
12,120000,249,13656
12,120000,250,13738
12,120000,251,13695
12,120000,252,13832
12,120000,253,13686
12,120000,254,13739
12,120000,255,13984
12,120000,256,13808
12,120000,257,13656
12,120000,258,13737
12,120000,259,13728
12,120000,260,13548
12,120000,261,13882
12,120000,262,13619
12,120000,263,14119
12,120000,264,13805
12,120000,265,13715
12,120000,266,13869
12,120000,267,13834
12,120000,268,13756
12,120000,269,13851
12,120000,270,13804
12,120000,271,13603
12,120000,272,14059
12,120000,273,13796
12,120000,274,13804
12,120000,275,13844
12,120000,276,13793
12,120000,277,13790
12,120000,278,13538
12,120000,279,13958
12,120000,280,13624
12,120000,281,13866
12,120000,282,13821
12,120000,283,13566
12,120000,284,13771
12,120000,285,13698
12,120000,286,13610
12,120000,287,13826
12,120000,288,13733
12,120000,289,13600
12,120000,291,13896
12,120000,292,13829
12,120000,293,13843
12,120000,294,13885
12,120000,295,13489
12,120000,296,13792
12,120000,297,13840
12,120000,298,14040
12,120000,299,13876
12,120000,300,13883
12,120000,301,13728
12,120000,302,13660
12,120000,303,13656
12,120000,304,13872
12,120000,305,13904
12,120000,306,13903
12,120000,307,13743
12,120000,308,13728
12,120000,309,13766
12,120000,310,13756
12,120000,311,13757
12,120000,312,13766
12,120000,313,13755
12,120000,314,13698
12,120000,315,13870
12,120000,316,13882
12,120000,317,13923
12,120000,318,13722
12,120000,319,13817
12,120000,320,13857
12,120000,321,13812
12,120000,322,13665
12,120000,323,13576
12,120000,324,13838
12,120000,325,13617
12,120000,326,13642
12,120000,327,13994
12,120000,328,13993
12,120000,329,13892
12,120000,330,13726
12,120000,331,13693
12,120000,332,13664
12,120000,333,13746
12,120000,334,13834
12,120000,335,13708
12,120000,336,13754
12,120000,337,13859
12,120000,338,13987
12,120000,339,13690
12,120000,340,13723
12,120000,341,13814
12,120000,342,13790
12,120000,343,13730
12,120000,344,13739
12,120000,345,13853
12,120000,346,13993
12,120000,347,13841
12,120000,348,13571
12,120000,349,13866
12,120000,350,13864
12,120000,353,13771
12,120000,354,13967
12,120000,355,13899
12,120000,356,13799
12,120000,357,13741
12,120000,358,13787
12,120000,359,13599
12,120000,360,13788
12,120000,361,13997
12,120000,362,13757
12,120000,363,13794
12,120000,364,13938
12,120000,365,13581
12,120000,366,13753
12,120000,367,13663
12,120000,368,13655
12,120000,369,13819
12,120000,370,13701
12,120000,371,13804
12,120000,372,13834
12,120000,373,13718
12,120000,374,14020
12,120000,375,13705
12,120000,376,13654
12,120000,377,14036
12,120000,378,13891
12,120000,379,14009
12,120000,380,13700
12,120000,381,13805
12,120000,382,13736
12,120000,383,13856
12,120000,384,13831
12,120000,385,13679
12,120000,386,13867
12,120000,387,13751
12,120000,388,13652
12,120000,389,13725
12,120000,390,13885
12,120000,391,13740
12,120000,392,13821
12,120000,393,13568
12,120000,394,13740
12,120000,395,13874
12,120000,396,13895
12,120000,397,13902
12,120000,398,13710
12,120000,399,13750
12,120000,400,13719
12,120000,401,13630
12,120000,402,13563
12,120000,403,13895
12,120000,404,13877
12,120000,405,13710
12,120000,406,13936
12,120000,407,13737
12,120000,408,13776
12,120000,409,13902
12,120000,410,13837
12,120000,411,13613
12,120000,412,13798
12,120000,413,13593
12,120000,414,13749
12,120000,415,13975
12,120000,416,13868
12,120000,417,14065
12,120000,418,13892
12,120000,419,13701
12,120000,420,13902
12,120000,421,13797
12,120000,422,13912
12,120000,423,13934
12,120000,424,13779
12,120000,425,13955
12,120000,426,13720
12,120000,427,13630
12,120000,428,14059
12,120000,429,14092
12,120000,430,13843
12,120000,431,13837
12,120000,432,13479
12,120000,433,13987
12,120000,434,13610
12,120000,435,13704
12,120000,436,13899
12,120000,437,13828
12,120000,438,13930
12,120000,439,13812
12,120000,440,14002
12,120000,441,13597
12,120000,442,13804
12,120000,443,13525
12,120000,444,13813
12,120000,445,13730
12,120000,446,13927
12,120000,447,13769
12,120000,448,13752
12,120000,449,13679
12,120000,450,13801
12,120000,451,13708
12,120000,452,13752
12,120000,453,13724
12,120000,454,13863
12,120000,455,13698
12,120000,456,13840
12,120000,457,13708
12,120000,458,13881
12,120000,459,13833
12,120000,460,13864
12,120000,461,13967
12,120000,462,13791
12,120000,463,13925
12,120000,464,13479
12,120000,465,13807
12,120000,466,13816
12,120000,467,13734
12,120000,468,13766
12,120000,469,13798
12,120000,470,13677
12,120000,471,13907
12,120000,472,13668
12,120000,473,13847
12,120000,474,13788
12,120000,475,13762
12,120000,476,13951
12,120000,477,14044
12,120000,478,13884
12,120000,479,13659
12,120000,480,13913
12,120000,481,13766
12,120000,482,13667
12,120000,483,13627
12,120000,484,13701
12,120000,485,13696
12,120000,486,13793
12,120000,487,13713
12,120000,488,13543
12,120000,489,13658
12,120000,491,13944
12,120000,492,13770
12,120000,493,13844
12,120000,494,13934
12,120000,495,13748
12,120000,496,13609
12,120000,497,13952
12,120000,498,13653
12,120000,499,13775
12,120000,500,13709
12,120000,501,13682
12,120000,502,13562
12,120000,504,13750
12,120000,505,13942
12,120000,506,13835
12,120000,507,13820
12,120000,508,13752
12,120000,509,13574
12,120000,510,13965
12,120000,511,13868
12,120000,512,13684
12,120000,513,13930
12,120000,514,13797
12,120000,515,13862
12,120000,516,13797
12,120000,517,13812
12,120000,518,13875
12,120000,519,13619
12,120000,520,13691
12,120000,521,13720
12,120000,522,13607
12,120000,523,13821
12,120000,524,13811
12,120000,525,13929
12,120000,526,13936
12,120000,527,13732
12,120000,528,13838
12,120000,529,13820
12,120000,530,13717
12,120000,531,13735
12,120000,532,13837
12,120000,533,13845
12,120000,534,13735
12,120000,535,13752
12,120000,536,13979
12,120000,537,13893
12,120000,538,13926
12,120000,539,13768
12,120000,540,13758
12,120000,541,13791
12,120000,542,13562
12,120000,543,13745
12,120000,544,13865
12,120000,545,13802
12,120000,546,13864
12,120000,547,13806
12,120000,548,13868
12,120000,549,13820
12,120000,550,13785
12,120000,552,13633
12,120000,553,13623
12,120000,554,13814
12,120000,555,13747
12,120000,556,13772
12,120000,557,14030
12,120000,558,13972
12,120000,559,13836
12,120000,560,13687
12,120000,561,13703
12,120000,562,13781
12,120000,563,13838
12,120000,564,13705
12,120000,565,13779
12,120000,566,14183
12,120000,567,13901
12,120000,568,13860
12,120000,569,13955
12,120000,570,13929
12,120000,571,13897
12,120000,572,13679
12,120000,573,13886
12,120000,574,13884
12,120000,575,13920
12,120000,576,13760
12,120000,577,13693
12,120000,578,13726
12,120000,579,13752
12,120000,580,13842
12,120000,581,13892
12,120000,582,13956
12,120000,583,13892
12,120000,584,13891
12,120000,586,13909
12,120000,587,13724
12,120000,588,13805
12,120000,589,13885
12,120000,590,13983
12,120000,591,13735
12,120000,592,13823
12,120000,593,13870
12,120000,594,13639
12,120000,595,13651
12,120000,596,13906
12,120000,597,13805
12,120000,598,13789
12,120000,599,13588
12,120000,600,13851
12,120000,601,13723
12,120000,602,13797
12,120000,603,13677
12,120000,604,13875
12,120000,605,13870
12,120000,624,13798
12,120000,625,13822
12,120000,626,13864
12,120000,627,13648
12,120000,628,13655
12,120000,629,13789
12,120000,630,13994
12,120000,631,13627
12,120000,632,13729
12,120000,633,13850
12,120000,634,13686
12,120000,635,13846
12,120000,636,13695
12,120000,637,13859
12,120000,638,13935
12,120000,639,13663
12,120000,640,14041
12,120000,641,13693
12,120000,642,13962
12,120000,643,13784
12,120000,644,13839
14,140000,1,13266
14,140000,2,13417
14,140000,3,13263
14,140000,4,13197
14,140000,5,13350
14,140000,6,13216
14,140000,7,13245
14,140000,8,13311
14,140000,9,13187
14,140000,10,13373
14,140000,11,13072
14,140000,12,13175
14,140000,13,13364
14,140000,14,13112
14,140000,15,13241
14,140000,16,13190
14,140000,17,13381
14,140000,18,13342
14,140000,19,13181
14,140000,20,13423
14,140000,21,13390
14,140000,22,13178
14,140000,23,13408
14,140000,24,13210
14,140000,25,13475
14,140000,26,13341
14,140000,27,13216
14,140000,28,13434
14,140000,29,12958
14,140000,30,13145
14,140000,31,13227
14,140000,32,13332
14,140000,33,13481
14,140000,34,13323
14,140000,35,13137
14,140000,36,13500
14,140000,37,13372
14,140000,38,13591
14,140000,39,13497
14,140000,40,13323
14,140000,41,13316
14,140000,42,13348
14,140000,43,13271
14,140000,44,13105
14,140000,45,13485
14,140000,46,13236
14,140000,47,13196
14,140000,48,13304
14,140000,49,13088
14,140000,50,13241
14,140000,51,13250
14,140000,52,13325
14,140000,53,13174
14,140000,54,13500
14,140000,55,13346
14,140000,56,13231
14,140000,57,13133
14,140000,58,13342
14,140000,59,13270
14,140000,60,13164
14,140000,61,13344
14,140000,62,13209
14,140000,63,13150
14,140000,64,13535
14,140000,65,13059
14,140000,66,13177
14,140000,67,13281
14,140000,68,13288
14,140000,69,13133
14,140000,70,13237
14,140000,71,13363
14,140000,72,13307
14,140000,73,13070
14,140000,74,13348
14,140000,75,13399
14,140000,76,13350
14,140000,77,13368
14,140000,78,13141
14,140000,79,13018
14,140000,80,13057
14,140000,81,13105
14,140000,82,13350
14,140000,83,13202
14,140000,84,13279
14,140000,85,13328
14,140000,86,13489
14,140000,87,13274
14,140000,88,13331
14,140000,89,13271
14,140000,90,13113
14,140000,91,13331
14,140000,92,13281
14,140000,93,13189
14,140000,94,13011
14,140000,95,13083
14,140000,96,13131
14,140000,97,13367
14,140000,98,13388
14,140000,99,13377
14,140000,100,13143
14,140000,101,13412
14,140000,103,13236
14,140000,104,13130
14,140000,105,13142
14,140000,106,13282
14,140000,107,13363
14,140000,108,13188
14,140000,109,13252
14,140000,110,13334
14,140000,111,13230
14,140000,112,13355
14,140000,113,13434
14,140000,114,13230
14,140000,115,13126
14,140000,116,13278
14,140000,117,13162
14,140000,118,13222
14,140000,119,13229
14,140000,120,13269
14,140000,121,13062
14,140000,122,13356
14,140000,123,13225
14,140000,124,13035
14,140000,125,13297
14,140000,127,13167
14,140000,128,13159
14,140000,129,13165
14,140000,130,13099
14,140000,132,13184
14,140000,133,13182
14,140000,134,13358
14,140000,135,13356
14,140000,136,13396
14,140000,137,13193
14,140000,138,13198
14,140000,139,13089
14,140000,140,13175
14,140000,141,13334
14,140000,142,13174
14,140000,143,13210
14,140000,144,13188
14,140000,145,13217
14,140000,146,13302
14,140000,147,13200
14,140000,148,13221
14,140000,149,13230
14,140000,150,13422
14,140000,151,13250
14,140000,152,13069
14,140000,153,13196
14,140000,154,13253
14,140000,155,13355
14,140000,156,13204
14,140000,157,13221
14,140000,158,13221
14,140000,159,13330
14,140000,160,13227
14,140000,161,13097
14,140000,162,13221
14,140000,163,13106
14,140000,164,13457
14,140000,165,13152
14,140000,166,13445
14,140000,167,13009
14,140000,168,13244
14,140000,169,13182
14,140000,170,13316
14,140000,171,13232
14,140000,172,13268
14,140000,173,13304
14,140000,174,13172
14,140000,175,13310
14,140000,176,13135
14,140000,177,13258
14,140000,178,13175
14,140000,179,13154
14,140000,180,13479
14,140000,181,13154
14,140000,182,12983
14,140000,183,13426
14,140000,184,13281
14,140000,185,13313
14,140000,186,13282
14,140000,187,13369
14,140000,188,13240
14,140000,189,13069
14,140000,190,13226
14,140000,191,13214
14,140000,192,13144
14,140000,193,12986
14,140000,194,13135
14,140000,195,13327
14,140000,196,13136
14,140000,197,13194
14,140000,198,13235
14,140000,199,13121
14,140000,200,13185
14,140000,201,13233
14,140000,202,13376
14,140000,203,13112
14,140000,204,13493
14,140000,205,13217
14,140000,206,13126
14,140000,207,13180
14,140000,208,13418
14,140000,209,13274
14,140000,210,13202
14,140000,211,13131
14,140000,212,13499
14,140000,213,13256
14,140000,215,13286
14,140000,216,13112
14,140000,217,13311
14,140000,218,13149
14,140000,219,13375
14,140000,220,13179
14,140000,221,13454
14,140000,222,13165
14,140000,223,12987
14,140000,224,13147
14,140000,225,13311
14,140000,226,13287
14,140000,227,13204
14,140000,228,13320
14,140000,229,13227
14,140000,230,13217
14,140000,231,13120
14,140000,232,13298
14,140000,233,13099
14,140000,234,13161
14,140000,235,13196
14,140000,236,13335
14,140000,237,12953
14,140000,238,13409
14,140000,239,13286
14,140000,240,13125
14,140000,241,13126
14,140000,242,13179
14,140000,243,13127
14,140000,244,13306
14,140000,245,13288
14,140000,246,13217
14,140000,247,13328
14,140000,248,12994
14,140000,249,13150
14,140000,250,13045
14,140000,251,13224
14,140000,252,13312
14,140000,253,13289
14,140000,254,13164
14,140000,255,13189
14,140000,256,13109
14,140000,257,13208
14,140000,258,13176
14,140000,259,13186
14,140000,260,13251
14,140000,261,13498
14,140000,262,13281
14,140000,263,13293
14,140000,264,13228
14,140000,265,13179
14,140000,266,13364
14,140000,267,13197
14,140000,268,13228
14,140000,269,13404
14,140000,270,13267
14,140000,271,13189
14,140000,272,13371
14,140000,273,13166
14,140000,274,13148
14,140000,275,13101
14,140000,276,13186
14,140000,278,13133
14,140000,279,13248
14,140000,280,13244
14,140000,281,13296
14,140000,282,13253
14,140000,283,13256
14,140000,284,13308
14,140000,285,13340
14,140000,286,13150
14,140000,287,13075
14,140000,288,13492
14,140000,289,13415
14,140000,290,13081
14,140000,291,13340
14,140000,292,13307
14,140000,293,13223
14,140000,294,13220
14,140000,295,13156
14,140000,296,13362
14,140000,297,13141
14,140000,298,13305
14,140000,299,13242
14,140000,300,13138
14,140000,301,13175
14,140000,302,13278
14,140000,303,13144
14,140000,304,13386
14,140000,305,13246
14,140000,306,13196
14,140000,307,13298
14,140000,308,13236
14,140000,309,13469
14,140000,310,13088
14,140000,311,13420
14,140000,312,13249
14,140000,313,13301
14,140000,314,12973
14,140000,315,13202
14,140000,316,13128
14,140000,317,13215
14,140000,318,13161
14,140000,319,13385
14,140000,320,13186
14,140000,321,13139
14,140000,322,13447
14,140000,323,13269
14,140000,324,13317
14,140000,325,13395
14,140000,326,13300
14,140000,327,13309
14,140000,328,13240
14,140000,329,13222
14,140000,330,13155
14,140000,331,13330
14,140000,333,13018
14,140000,334,13142
14,140000,335,13154
14,140000,336,13077
14,140000,337,13416
14,140000,338,13090
14,140000,339,13188
14,140000,340,13124
14,140000,341,13290
14,140000,342,13126
14,140000,343,13285
14,140000,344,13181
14,140000,345,13095
14,140000,346,13321
14,140000,347,13149
14,140000,348,13136
14,140000,349,13225
14,140000,350,13254
14,140000,351,13260
14,140000,352,13243
14,140000,353,13248
14,140000,354,13236
14,140000,355,13304
14,140000,356,13075
14,140000,357,13097
14,140000,358,13142
14,140000,359,13109
14,140000,360,13304
14,140000,361,13011
14,140000,362,13197
14,140000,363,13224
14,140000,364,13339
14,140000,365,13185
14,140000,366,13346
14,140000,367,13419
14,140000,368,13204
14,140000,369,13140
14,140000,370,13283
14,140000,371,13251
14,140000,372,13404
14,140000,373,13077
14,140000,374,13307
14,140000,375,13080
14,140000,376,13355
14,140000,377,13157
14,140000,379,13300
14,140000,380,13436
14,140000,381,13204
14,140000,383,13372
14,140000,384,13181
14,140000,385,13016
14,140000,386,13198
14,140000,387,13195
14,140000,388,13387
14,140000,389,13296
14,140000,390,13316
14,140000,391,13260
14,140000,392,13259
14,140000,393,13396
14,140000,394,13276
14,140000,395,13280
14,140000,396,13366
14,140000,397,13253
14,140000,398,13275
14,140000,399,13161
14,140000,400,13480
14,140000,401,13197
14,140000,402,13344
14,140000,403,13337
14,140000,404,13359
14,140000,405,13261
14,140000,406,13307
14,140000,407,13192
14,140000,408,13208
14,140000,409,13500
14,140000,410,13178
14,140000,411,13293
14,140000,412,13127
14,140000,413,13233
14,140000,414,13224
14,140000,415,13378
14,140000,416,13276
14,140000,417,13469
14,140000,418,13166
14,140000,419,13497
14,140000,420,13426
14,140000,421,13459
14,140000,422,13202
14,140000,423,13088
14,140000,424,13004
14,140000,425,13164
14,140000,426,13225
14,140000,427,13423
14,140000,428,13261
14,140000,429,13180
14,140000,430,13276
14,140000,431,13255
14,140000,432,13063
14,140000,433,13324
14,140000,434,13247
14,140000,435,13412
14,140000,436,13241
14,140000,437,13216
14,140000,438,13347
14,140000,439,12982
14,140000,440,13307
14,140000,441,13168
14,140000,442,13182
14,140000,443,13174
14,140000,444,13254
14,140000,445,13386
14,140000,446,13195
14,140000,447,13213
14,140000,448,13298
14,140000,449,13009
14,140000,450,13381
14,140000,451,13197
14,140000,452,13236
14,140000,453,13277
14,140000,454,13233
14,140000,455,13232
14,140000,456,13099
14,140000,457,13247
14,140000,458,13056
14,140000,459,13239
14,140000,460,13294
14,140000,461,13406
14,140000,462,13344
14,140000,463,13125
14,140000,464,13153
14,140000,465,13296
14,140000,466,13135
14,140000,467,13158
14,140000,468,13414
14,140000,469,13256
14,140000,470,13183
14,140000,471,13217
14,140000,472,13148
14,140000,473,13371
14,140000,474,13570
14,140000,475,12996
14,140000,476,13271
14,140000,477,13099
14,140000,478,13129
14,140000,479,13155
14,140000,480,13052
14,140000,481,13343
14,140000,482,13163
14,140000,483,13475
14,140000,484,13291
14,140000,485,13352
14,140000,486,13323
14,140000,487,13411
14,140000,488,13156
14,140000,489,13224
14,140000,490,13481
14,140000,491,13159
14,140000,492,13322
14,140000,493,13317
14,140000,494,13312
14,140000,495,13268
14,140000,496,13291
14,140000,497,13238
14,140000,498,13209
14,140000,499,13250
14,140000,500,13294
14,140000,501,13286
14,140000,502,13226
14,140000,503,13388
14,140000,504,13234
14,140000,505,13430
14,140000,506,13295
14,140000,507,13216
14,140000,508,13168
14,140000,509,13159
14,140000,510,13440
14,140000,511,13331
14,140000,512,13111
14,140000,513,13115
14,140000,514,13256
14,140000,515,13032
14,140000,516,13271
14,140000,517,13213
14,140000,518,13260
14,140000,519,13422
14,140000,520,13124
14,140000,521,13151
14,140000,522,13039
14,140000,523,13208
14,140000,524,13194
14,140000,525,13250
14,140000,526,13130
14,140000,527,13346
14,140000,528,13228
14,140000,529,13089
14,140000,530,13152
14,140000,532,13323
14,140000,533,13319
14,140000,534,13180
14,140000,535,13340
14,140000,536,13212
14,140000,537,13311
14,140000,538,13392
14,140000,539,13375
14,140000,540,13254
14,140000,541,13150
14,140000,542,13159
14,140000,543,13354
14,140000,544,12928
14,140000,545,13102
14,140000,546,13348
14,140000,547,13152
14,140000,548,13348
14,140000,549,13200
14,140000,550,13215
14,140000,551,13072
14,140000,552,13319
14,140000,553,13357
14,140000,554,13163
14,140000,555,13011
14,140000,556,13334
14,140000,557,13261
14,140000,558,13266
14,140000,559,13066
14,140000,560,13235
14,140000,561,13280
14,140000,562,12975
14,140000,563,13296
14,140000,564,13180
14,140000,565,13160
14,140000,566,13149
14,140000,567,13186
14,140000,568,13314
14,140000,569,13332
14,140000,570,13103
14,140000,571,13232
14,140000,572,13136
14,140000,573,13093
14,140000,574,13260
14,140000,575,13343
14,140000,576,13141
14,140000,577,13173
14,140000,578,13399
14,140000,579,13121
14,140000,580,13227
14,140000,581,13280
14,140000,582,13364
14,140000,583,13145
14,140000,584,13372
14,140000,585,13163
14,140000,586,13448
14,140000,587,13299
14,140000,588,13170
14,140000,589,13170
14,140000,590,13158
14,140000,591,13412
14,140000,592,13360
14,140000,593,13263
14,140000,594,13203
14,140000,596,13078
14,140000,597,13087
14,140000,598,13234
14,140000,599,13453
14,140000,601,13228
14,140000,602,13221
14,140000,603,13094
14,140000,604,13291
14,140000,605,13184
14,140000,607,13188
14,140000,608,13126
14,140000,609,13242
14,140000,610,13125
14,140000,611,13479
14,140000,612,13101
14,140000,613,13159
14,140000,614,13437
14,140000,615,13113
14,140000,616,13168
14,140000,617,13131
14,140000,618,13303
14,140000,619,13065
14,140000,620,13199
14,140000,621,13154
14,140000,622,13226
14,140000,623,13154
14,140000,624,13320
14,140000,625,13269
14,140000,626,13241
14,140000,627,13198
14,140000,628,13197
14,140000,629,13257
14,140000,630,13122
14,140000,631,13151
14,140000,632,13259
14,140000,633,13074
14,140000,634,13150
14,140000,635,13160
14,140000,636,13357
14,140000,637,13245
14,140000,638,13303
14,140000,639,13248
14,140000,640,13494
14,140000,641,13164
14,140000,642,13140
14,140000,643,13301
14,140000,644,13369
14,140000,645,13147
14,140000,646,13296
14,140000,647,13235
14,140000,648,13308
14,140000,649,13134
14,140000,650,13269
14,140000,651,13193
14,140000,652,13276
14,140000,653,13138
14,140000,654,13327
14,140000,655,13387
14,140000,656,13290
14,140000,657,13303
14,140000,658,13169
14,140000,659,13260
14,140000,660,13058
14,140000,661,13336
14,140000,662,13050
14,140000,663,13401
14,140000,664,13238
14,140000,665,13300
14,140000,666,13289
14,140000,667,13368
14,140000,668,13213
14,140000,669,13088
14,140000,670,13144
14,140000,671,13164
14,140000,672,13119
14,140000,673,13129
14,140000,674,13435
14,140000,675,13306
14,140000,676,13391
14,140000,678,13225
14,140000,679,13247
14,140000,680,13273
14,140000,681,13288
14,140000,682,13075
14,140000,683,13457
14,140000,684,13585
14,140000,685,13149
14,140000,686,13117
14,140000,687,13133
14,140000,688,13283
14,140000,689,13340
14,140000,690,13335
14,140000,691,13285
14,140000,692,13006
14,140000,693,13088
14,140000,694,13325
14,140000,695,13317
14,140000,696,13215
14,140000,697,13295
14,140000,698,13165
14,140000,699,13087
14,140000,700,13240
14,140000,701,13250
14,140000,702,13450
14,140000,703,13210
14,140000,704,13261
14,140000,705,13049
14,140000,706,13277
14,140000,707,13458
14,140000,708,13186
14,140000,709,13395
14,140000,710,13363
14,140000,711,13356
14,140000,712,13278
14,140000,713,13296
14,140000,714,13078
14,140000,715,13267
14,140000,716,13342
14,140000,717,13235
14,140000,718,13083
14,140000,719,13230
14,140000,721,13147
14,140000,722,13353
14,140000,723,13251
14,140000,724,13084
14,140000,725,13373
14,140000,726,13185
14,140000,727,13337
14,140000,728,13318
14,140000,729,13254
14,140000,730,13438
14,140000,731,13241
14,140000,732,13176
14,140000,733,13279
14,140000,734,13123
14,140000,735,13174
14,140000,736,13594
14,140000,737,13105
14,140000,738,13150
14,140000,739,13271
14,140000,740,13277
14,140000,741,13168
14,140000,742,13173
14,140000,743,13173
14,140000,744,13103
14,140000,745,13400
14,140000,746,13301
14,140000,747,13514
14,140000,748,13297
14,140000,749,13412
14,140000,750,13313
14,140000,751,13282
14,140000,752,13370
14,140000,753,13143
14,140000,755,13231
14,140000,756,13222
14,140000,757,13036
14,140000,758,13401
14,140000,759,13235
14,140000,760,13191
14,140000,761,13345
14,140000,762,13201
14,140000,763,13338
14,140000,764,13171
14,140000,765,13243
14,140000,766,13293
14,140000,767,13327
14,140000,768,13268
14,140000,769,13216
14,140000,770,13294
14,140000,771,13097
14,140000,772,13257
14,140000,773,13256
14,140000,774,13130
14,140000,775,13101
14,140000,776,13262
14,140000,777,13178
14,140000,778,13214
14,140000,779,13307
14,140000,780,13335
14,140000,781,13105
14,140000,782,13349
14,140000,783,13116
14,140000,784,13150
14,140000,785,13401
14,140000,786,13217
14,140000,787,13238
14,140000,788,13195
14,140000,789,13237
14,140000,791,13111
14,140000,792,13097
14,140000,793,13358
14,140000,794,13397
14,140000,795,13105
14,140000,796,13207
14,140000,797,13147
14,140000,798,13242
14,140000,799,13268
14,140000,800,13373
14,140000,801,13110
14,140000,802,13344
14,140000,803,13210
14,140000,804,13299
14,140000,805,13314
14,140000,806,13253
14,140000,807,13180
14,140000,808,13264
14,140000,809,13368
14,140000,810,13331
14,140000,811,13277
14,140000,812,13101
14,140000,813,13230
14,140000,814,13255
14,140000,815,13305
14,140000,816,13253
14,140000,817,13197
14,140000,818,13168
14,140000,819,13252
14,140000,820,13529
14,140000,821,13294
14,140000,822,13199
14,140000,823,13149
14,140000,824,13236
14,140000,825,13216
14,140000,826,13138
14,140000,827,13187
14,140000,828,13090
14,140000,829,13225
14,140000,830,13272
14,140000,831,13197
14,140000,832,13350
14,140000,833,13189
14,140000,834,13312
14,140000,835,13226
14,140000,836,13395
14,140000,837,13299
14,140000,838,13318
14,140000,839,13480
14,140000,840,12970
14,140000,841,13172
14,140000,842,13209
14,140000,843,13185
14,140000,844,13194
14,140000,845,13384
14,140000,846,13115
14,140000,847,13393
14,140000,848,13161
14,140000,849,13354
14,140000,850,13262
14,140000,851,13363
14,140000,852,13469
14,140000,853,13353
14,140000,854,13306
14,140000,855,13291
14,140000,856,13131
14,140000,857,13260
14,140000,858,13505
14,140000,859,13244
14,140000,860,13285
14,140000,861,13346
14,140000,862,13418
14,140000,863,13248
14,140000,864,13161
14,140000,865,13010
14,140000,866,13337
14,140000,867,13340
14,140000,868,13233
14,140000,869,13124
14,140000,870,13156
14,140000,871,13402
14,140000,872,13272
14,140000,873,13153
14,140000,874,13320
14,140000,875,13189
14,140000,877,13223
14,140000,879,13174
14,140000,880,13217
14,140000,881,13262
14,140000,882,13132
14,140000,883,13181
14,140000,884,13121
14,140000,885,13245
14,140000,886,13122
14,140000,887,13244
14,140000,888,13068
14,140000,889,12960
14,140000,890,13462
14,140000,891,13148
14,140000,892,13072
14,140000,893,13171
14,140000,894,13214
14,140000,895,13083
14,140000,896,13229
14,140000,897,13390
14,140000,898,13325
14,140000,899,13320
14,140000,900,13105
14,140000,901,13279
14,140000,902,13218
14,140000,903,13245
14,140000,904,13068
14,140000,905,13403
14,140000,907,13320
14,140000,908,13213
14,140000,909,13443
14,140000,910,13405
14,140000,911,13069
14,140000,912,13224
14,140000,913,13367
14,140000,914,13287
14,140000,915,13335
14,140000,916,13297
14,140000,917,13194
14,140000,919,13132
14,140000,920,13366
14,140000,922,13334
14,140000,923,13217
14,140000,924,13280
14,140000,925,13299
14,140000,926,13274
14,140000,927,13010
14,140000,928,13252
14,140000,929,13227
14,140000,930,13271
14,140000,931,13358
14,140000,932,13234
14,140000,933,13111
14,140000,934,13161
14,140000,936,13405
14,140000,937,13361
14,140000,938,13090
14,140000,939,13209
14,140000,940,13282
14,140000,941,13260
14,140000,942,13273
14,140000,943,13451
14,140000,944,13288
14,140000,946,13147
14,140000,947,13094
14,140000,948,13213
14,140000,949,13212
14,140000,950,13135
14,140000,951,13279
14,140000,952,13136
14,140000,953,13459
14,140000,954,13040
14,140000,955,13122
14,140000,956,13103
14,140000,957,13246
14,140000,958,13178
14,140000,959,13215
14,140000,960,13422
14,140000,961,13296
14,140000,962,13204
14,140000,963,13271
14,140000,964,13254
14,140000,965,13134
14,140000,966,13169
14,140000,967,13464
14,140000,968,13369
14,140000,969,13262
14,140000,970,13173
14,140000,971,13237
14,140000,972,13252
14,140000,973,13510
14,140000,974,13306
14,140000,975,13231
14,140000,976,13161
14,140000,977,13340
14,140000,978,13340
14,140000,979,13331
14,140000,980,13110
14,140000,981,12975
14,140000,982,13380
14,140000,983,13237
14,140000,984,13169
14,140000,985,13325
14,140000,986,13462
14,140000,987,13171
14,140000,988,13216
14,140000,989,13054
14,140000,990,13297
14,140000,991,13175
14,140000,992,13160
14,140000,993,13319
14,140000,994,13164
14,140000,995,13237
14,140000,996,13101
14,140000,997,13429
14,140000,998,13297
14,140000,999,13204
14,140000,1000,13155
14,140000,1001,13148
14,140000,1002,13197
14,140000,1003,13452
14,140000,1004,13184
14,140000,1005,13267
14,140000,1006,13393
14,140000,1007,13193
14,140000,1008,13353
14,140000,1009,13206
14,140000,1010,13361
14,140000,1011,13151
14,140000,1012,13426
14,140000,1013,13266
14,140000,1014,13296
14,140000,1015,13318
14,140000,1016,13383
14,140000,1017,13409
14,140000,1018,13219
14,140000,1019,13297
14,140000,1020,12896
14,140000,1021,13049
14,140000,1022,13371
14,140000,1023,13192
14,140000,1024,13285
14,140000,1025,13304
14,140000,1026,13378
14,140000,1027,13306
14,140000,1028,13167
14,140000,1029,13362
14,140000,1030,13265
14,140000,1031,13304
14,140000,1032,13075
14,140000,1033,13182
14,140000,1034,13119
14,140000,1035,13372
14,140000,1036,13416
14,140000,1037,13022
14,140000,1038,13234
14,140000,1039,13241
14,140000,1040,13125
14,140000,1041,13200
14,140000,1042,13171
14,140000,1043,13279
14,140000,1044,13226
14,140000,1045,13405
14,140000,1046,13299
14,140000,1047,13320
14,140000,1048,13177
14,140000,1049,13232
14,140000,1050,12926
14,140000,1051,13470
14,140000,1052,13305
14,140000,1053,13217
14,140000,1054,13331
14,140000,1055,13235
14,140000,1057,13164
14,140000,1058,13211
14,140000,1059,13184
14,140000,1060,13288
14,140000,1061,13368
14,140000,1062,13445
14,140000,1063,13573
14,140000,1064,13414
14,140000,1065,13239
14,140000,1066,13220
14,140000,1067,13208
14,140000,1068,13346
14,140000,1069,13320
14,140000,1070,13314
14,140000,1071,13052
14,140000,1072,12964
14,140000,1073,13209
14,140000,1074,13295
14,140000,1075,13231
14,140000,1076,13135
14,140000,1077,13289
14,140000,1078,13278
14,140000,1079,13183
14,140000,1080,13142
14,140000,1081,13400
14,140000,1082,13343
14,140000,1083,13215
14,140000,1084,13256
14,140000,1085,13182
14,140000,1086,13019
14,140000,1087,13081
14,140000,1088,13380
14,140000,1089,13353
14,140000,1090,13359
14,140000,1091,13210
14,140000,1092,13193
14,140000,1093,13187
14,140000,1094,13171
14,140000,1095,13075
14,140000,1096,13368
14,140000,1097,13370
14,140000,1098,13188
14,140000,1099,13480
14,140000,1100,13371
14,140000,1101,13241
14,140000,1102,13293
14,140000,1103,13353
14,140000,1104,13014
14,140000,1105,13525
14,140000,1106,13120
14,140000,1107,13263
14,140000,1108,13265
14,140000,1109,13379
14,140000,1110,13335
14,140000,1111,13206
14,140000,1112,13426
14,140000,1113,13226
14,140000,1114,13129
14,140000,1115,13450
14,140000,1116,13598
14,140000,1117,13235
14,140000,1118,13099
14,140000,1119,13286
14,140000,1120,13231
14,140000,1121,13263
14,140000,1122,13213
14,140000,1123,13155
14,140000,1124,13444
14,140000,1125,13346
14,140000,1126,13242
14,140000,1127,13213
14,140000,1128,13229
14,140000,1129,13322
14,140000,1130,13325
14,140000,1131,13315
14,140000,1132,13366
14,140000,1134,13314
14,140000,1135,13253
14,140000,1136,13423
14,140000,1137,13267
14,140000,1138,13207
14,140000,1139,13357
14,140000,1140,13290
14,140000,1141,13275
14,140000,1142,13169
14,140000,1143,13249
14,140000,1144,13185
14,140000,1145,13103
14,140000,1146,13172
14,140000,1147,13145
14,140000,1148,13398
14,140000,1149,13293
14,140000,1150,13497
14,140000,1151,13276
14,140000,1152,13217
14,140000,1153,13258
14,140000,1154,13310
14,140000,1155,13264
14,140000,1156,13305
14,140000,1157,13295
14,140000,1158,13354
14,140000,1159,13148
14,140000,1160,13366
14,140000,1161,13169
14,140000,1162,13385
14,140000,1163,13114
14,140000,1164,13353
14,140000,1165,13110
14,140000,1166,13199
14,140000,1167,13104
14,140000,1168,13411
14,140000,1169,13133
14,140000,1170,13195
14,140000,1171,13328
14,140000,1172,13154
14,140000,1173,13493
14,140000,1174,13337
14,140000,1175,13213
14,140000,1176,13223
14,140000,1177,13028
14,140000,1178,13390
14,140000,1179,13174
14,140000,1180,13173
14,140000,1181,13301
14,140000,1182,13335
14,140000,1183,13115
14,140000,1184,13133
14,140000,1185,13310
14,140000,1186,13432
14,140000,1187,13358
14,140000,1188,13273
14,140000,1189,13255
14,140000,1190,13243
14,140000,1191,13270
14,140000,1192,13354
14,140000,1193,13096
14,140000,1194,13181
14,140000,1195,13455
14,140000,1196,13336
14,140000,1197,13186
14,140000,1198,13270
14,140000,1199,13292
14,140000,1200,13213
14,140000,1201,13320
14,140000,1202,13122
14,140000,1203,13463
14,140000,1204,13411
14,140000,1205,13098
14,140000,1206,13287
14,140000,1207,13168
14,140000,1208,13163
14,140000,1209,13518
14,140000,1210,13262
14,140000,1211,13360
14,140000,1212,13405
14,140000,1213,13102
14,140000,1214,13118
14,140000,1215,13081
14,140000,1216,13087
14,140000,1217,12969
14,140000,1218,13148
14,140000,1219,13429
14,140000,1220,13453
14,140000,1221,13274
14,140000,1222,13247
14,140000,1223,13256
14,140000,1224,13175
14,140000,1225,13154
14,140000,1226,13369
14,140000,1227,13044
14,140000,1228,13152
14,140000,1229,13036
14,140000,1230,13427
14,140000,1231,13141
14,140000,1232,13240
14,140000,1233,13352
14,140000,1234,13313
14,140000,1235,12958
14,140000,1236,13120
14,140000,1237,13346
14,140000,1238,13466
14,140000,1239,13140
14,140000,1240,13381
14,140000,1241,13242
14,140000,1242,13310
14,140000,1243,13360
14,140000,1244,13266
14,140000,1245,13236
14,140000,1246,13144
14,140000,1247,13341
14,140000,1248,13378
14,140000,1249,13061
14,140000,1250,13395
14,140000,1251,13369
14,140000,1252,13246
14,140000,1253,13251
14,140000,1254,13266
14,140000,1255,13205
14,140000,1256,13228
14,140000,1257,13314
14,140000,1258,13162
14,140000,1259,13224
14,140000,1260,13577
14,140000,1261,12944
14,140000,1262,13396
14,140000,1263,13209
14,140000,1264,13088
14,140000,1265,13234
14,140000,1266,13119
14,140000,1267,13367
14,140000,1268,13207
14,140000,1269,13434
14,140000,1270,13243
14,140000,1271,13315
14,140000,1272,13165
14,140000,1273,13225
14,140000,1274,13261
14,140000,1275,13216
14,140000,1276,13127
14,140000,1277,13210
14,140000,1278,13335
14,140000,1279,13357
14,140000,1280,13300
14,140000,1281,13316
14,140000,1283,13341
14,140000,1284,13080
14,140000,1285,13205
14,140000,1286,13150
14,140000,1287,13235
14,140000,1288,13210
14,140000,1289,13117
14,140000,1290,13212
14,140000,1291,13202
14,140000,1292,13066
14,140000,1293,13198
14,140000,1294,13374
14,140000,1295,13009
14,140000,1296,13193
14,140000,1297,13235
14,140000,1298,13184
14,140000,1299,13167
14,140000,1300,13487
14,140000,1301,13113
14,140000,1302,13519
14,140000,1303,13393
14,140000,1304,13347
14,140000,1305,13295
14,140000,1306,12975
14,140000,1307,13278
14,140000,1308,13309
14,140000,1309,13289
14,140000,1310,13336
14,140000,1311,13231
14,140000,1312,13169
14,140000,1313,13229
14,140000,1314,13313
14,140000,1315,13214
14,140000,1316,13077
14,140000,1317,13263
14,140000,1318,13285
14,140000,1319,13140
14,140000,1320,13250
14,140000,1321,13196
14,140000,1322,13146
14,140000,1323,13209
14,140000,1324,13253
14,140000,1325,13183
14,140000,1326,13349
14,140000,1327,13184
14,140000,1328,13327
14,140000,1329,13312
14,140000,1330,13165
14,140000,1331,13373
14,140000,1332,13124
14,140000,1333,13125
14,140000,1334,13428
14,140000,1335,13325
14,140000,1336,13249
14,140000,1337,13236
14,140000,1338,13056
14,140000,1339,13259
14,140000,1340,13295
14,140000,1341,13138
14,140000,1342,13324
14,140000,1343,13246
14,140000,1344,13322
14,140000,1345,13302
14,140000,1346,13114
14,140000,1347,13269
14,140000,1348,13242
14,140000,1349,13295
14,140000,1350,13199
14,140000,1351,13108
14,140000,1352,13144
14,140000,1353,13265
14,140000,1354,13246
14,140000,1355,13204
14,140000,1357,13092
14,140000,1358,13618
14,140000,1359,13324
14,140000,1360,13286
14,140000,1361,13176
14,140000,1362,13063
14,140000,1363,13135
14,140000,1364,13178
14,140000,1365,13175
14,140000,1366,13367
14,140000,1367,13063
14,140000,1368,13305
14,140000,1369,12962
14,140000,1370,13343
14,140000,1371,13338
14,140000,1372,13057
14,140000,1373,13050
14,140000,1374,13363
14,140000,1376,13211
14,140000,1377,13198
14,140000,1378,13389
14,140000,1379,13246
14,140000,1380,13415
14,140000,1381,13229
14,140000,1382,13262
14,140000,1383,13470
14,140000,1384,13097
14,140000,1385,13094
14,140000,1386,13286
14,140000,1387,13354
14,140000,1388,13103
14,140000,1389,13260
14,140000,1390,13176
14,140000,1391,13399
14,140000,1392,13256
14,140000,1393,13127
14,140000,1394,13210
14,140000,1395,13054
14,140000,1396,13182
14,140000,1397,13230
14,140000,1398,13325
14,140000,1399,13108
14,140000,1400,13371
14,140000,1401,13157
14,140000,1402,13353
14,140000,1403,13300
14,140000,1404,13171
14,140000,1406,13161
14,140000,1407,13112
14,140000,1408,13160
14,140000,1409,13312
14,140000,1410,13017
14,140000,1411,13246
14,140000,1412,13266
14,140000,1413,13307
14,140000,1415,13435
14,140000,1416,13169
14,140000,1417,13220
14,140000,1418,13195
14,140000,1419,13354
14,140000,1420,13149
14,140000,1421,13143
14,140000,1422,13173
14,140000,1423,13445
14,140000,1424,13483
14,140000,1425,13509
14,140000,1426,13165
14,140000,1427,13284
14,140000,1428,13312
14,140000,1429,13314
14,140000,1430,13195
14,140000,1431,13408
14,140000,1432,13301
14,140000,1433,13374
14,140000,1434,13035
14,140000,1435,13297
14,140000,1436,13124
14,140000,1437,13126
14,140000,1438,13175
14,140000,1439,13128
14,140000,1440,13388
14,140000,1441,13253
14,140000,1442,13335
14,140000,1443,13257
14,140000,1444,13291
14,140000,1445,13241
14,140000,1446,13267
14,140000,1447,13079
14,140000,1448,13420
14,140000,1449,13225
14,140000,1450,13411
14,140000,1451,13115
14,140000,1452,13175
14,140000,1453,13241
14,140000,1454,13193
14,140000,1455,13337
14,140000,1456,13501
14,140000,1458,13331
14,140000,1459,13251
14,140000,1460,13256
14,140000,1461,13152
14,140000,1462,13174
14,140000,1463,13454
14,140000,1464,13316
14,140000,1465,13377
14,140000,1466,13187
14,140000,1467,13179
14,140000,1468,13161
14,140000,1469,13134
14,140000,1470,13046
14,140000,1471,13263
14,140000,1472,13432
14,140000,1473,13349
14,140000,1474,13252
14,140000,1475,13261
14,140000,1476,13209
14,140000,1477,13254
14,140000,1478,13338
14,140000,1479,13353
14,140000,1480,13213
14,140000,1481,13219
14,140000,1482,13368
14,140000,1483,13104
14,140000,1484,13404
14,140000,1485,13346
14,140000,1486,13126
14,140000,1487,13150
14,140000,1488,13201
14,140000,1489,13142
14,140000,1490,13154
14,140000,1491,13232
14,140000,1492,13125
14,140000,1493,13201
14,140000,1494,13383
14,140000,1495,13312
14,140000,1496,13267
14,140000,1497,13254
14,140000,1498,13308
14,140000,1499,13218
14,140000,1500,13117
14,140000,1501,13068
14,140000,1502,13147
14,140000,1503,13435
14,140000,1504,13174
14,140000,1505,13385
14,140000,1506,13303
14,140000,1507,13362
14,140000,1508,13457
14,140000,1509,13020
14,140000,1510,13368
14,140000,1511,13284
14,140000,1512,13453
14,140000,1513,13031
14,140000,1514,13343
14,140000,1515,13115
14,140000,1516,13346
14,140000,1517,13199
14,140000,1518,13305
14,140000,1519,13393
14,140000,1520,13370
14,140000,1521,13168
14,140000,1522,13353
14,140000,1523,12964
14,140000,1524,13329
14,140000,1525,13186
14,140000,1526,13080
14,140000,1527,13219
14,140000,1528,13405
14,140000,1529,13165
14,140000,1530,13285
14,140000,1531,13240
14,140000,1532,13508
14,140000,1533,13302
14,140000,1534,13348
14,140000,1535,13148
14,140000,1536,13081
14,140000,1537,13275
14,140000,1538,13341
14,140000,1539,13402
14,140000,1540,13279
14,140000,1541,13113
14,140000,1542,13322
14,140000,1543,13262
14,140000,1544,13060
14,140000,1545,13440
14,140000,1546,13193
14,140000,1547,13128
14,140000,1548,13183
14,140000,1549,13321
16,160000,1,26368
16,160000,2,26718
16,160000,3,26843
16,160000,4,26706
16,160000,5,26294
16,160000,6,26213
16,160000,7,26302
16,160000,9,26823
16,160000,11,26482
16,160000,12,26635
16,160000,13,26575
16,160000,14,26803
16,160000,15,26649
16,160000,16,26403
16,160000,17,26469
16,160000,19,26435
16,160000,20,26241
16,160000,21,26183
16,160000,22,26180
16,160000,23,26413
16,160000,24,26914
16,160000,25,26733
16,160000,26,26282
16,160000,27,26715
16,160000,28,26430
16,160000,29,26717
16,160000,30,26346
16,160000,31,26711
16,160000,32,26774
16,160000,33,26596
16,160000,34,26709
16,160000,35,26804
16,160000,36,26418
16,160000,37,26401
16,160000,38,26623
16,160000,39,26556
16,160000,40,26586
16,160000,41,26376
16,160000,42,26401
16,160000,43,26736
16,160000,44,26497
16,160000,45,26606
16,160000,46,26171
16,160000,48,26381
16,160000,49,26350
16,160000,50,26741
16,160000,51,26669
16,160000,52,26318
16,160000,53,26451
16,160000,54,26686
16,160000,55,26501
16,160000,56,26267
16,160000,57,26486
16,160000,58,26535
16,160000,59,26707
16,160000,60,26710
16,160000,61,26576
16,160000,62,26628
16,160000,63,26326
16,160000,64,26295
16,160000,65,26687
16,160000,66,26645
16,160000,67,26406
16,160000,68,26401
16,160000,69,26653
16,160000,70,26442
16,160000,71,26742
16,160000,72,26798
16,160000,73,26907
16,160000,74,26746
16,160000,75,26552
16,160000,76,26678
16,160000,77,26449
16,160000,78,26537
16,160000,79,26375
16,160000,80,27248
16,160000,81,26658
16,160000,82,26482
16,160000,83,26505
16,160000,84,26321
16,160000,85,26540
16,160000,86,26693
16,160000,87,26974
16,160000,88,26634
16,160000,89,26716
16,160000,90,26591
16,160000,91,26578
16,160000,92,26677
16,160000,93,26380
16,160000,94,26829
16,160000,95,26675
16,160000,96,26736
16,160000,97,26585
16,160000,98,26415
16,160000,99,26559
16,160000,100,26834
16,160000,101,26256
16,160000,102,26786
16,160000,103,26564
16,160000,104,26848
16,160000,105,26527
16,160000,106,26938
16,160000,107,26662
16,160000,108,26469
16,160000,109,26758
16,160000,110,26692
16,160000,111,26677
16,160000,112,26290
16,160000,113,26708
16,160000,114,26678
16,160000,115,26705
16,160000,116,26896
16,160000,117,26498
16,160000,119,25790
16,160000,124,26497
16,160000,125,26678
16,160000,126,26482
16,160000,129,26542
16,160000,130,26628
16,160000,131,26826
16,160000,132,26622
16,160000,133,26575
16,160000,134,26623
16,160000,135,26684
16,160000,136,26477
16,160000,137,26487
16,160000,138,26733
16,160000,139,26566
16,160000,141,26601
16,160000,142,26657
16,160000,143,26596
16,160000,144,26709
16,160000,145,26680
16,160000,146,26782
16,160000,147,26582
16,160000,148,26454
16,160000,149,26806
16,160000,150,26660
16,160000,151,26587
16,160000,152,26822
16,160000,153,26390
16,160000,154,26593
16,160000,155,26646
16,160000,156,26369
16,160000,157,26787
16,160000,158,26879
16,160000,159,26669
16,160000,160,26420
16,160000,161,26749
16,160000,162,26509
16,160000,163,26668
16,160000,164,26961
16,160000,165,26332
16,160000,166,26465
16,160000,167,26782
16,160000,168,26872
16,160000,169,26927
16,160000,170,26426
16,160000,171,27055
16,160000,172,26427
16,160000,173,26700
16,160000,174,26599
16,160000,175,26594
16,160000,176,26701
16,160000,177,26727
16,160000,178,26606
16,160000,179,26730
16,160000,180,26298
16,160000,181,26539
16,160000,182,26849
16,160000,183,27086
16,160000,184,26769
16,160000,185,26384
16,160000,186,26587
16,160000,187,26344
16,160000,188,26579
16,160000,189,26374
16,160000,190,26713
16,160000,191,26459
16,160000,192,26698
16,160000,193,26805
16,160000,194,26824
16,160000,195,26613
16,160000,196,26679
16,160000,197,26551
16,160000,198,26573
16,160000,199,26771
16,160000,200,26470
16,160000,201,26416
16,160000,202,26493
16,160000,203,26607
16,160000,204,26374
16,160000,205,26465
16,160000,206,26634
16,160000,207,26738
16,160000,208,26820
16,160000,209,26409
16,160000,210,26403
16,160000,211,26729
16,160000,212,26559
16,160000,213,26435
16,160000,214,26544
16,160000,215,26710
16,160000,216,26508
16,160000,217,26748
16,160000,218,26619
16,160000,219,26729
16,160000,221,26540
16,160000,223,26548
16,160000,224,26881
16,160000,225,26731
16,160000,226,26591
16,160000,227,26662
16,160000,228,26840
16,160000,229,26458
16,160000,230,26811
16,160000,231,26767
16,160000,232,26723
16,160000,233,26369
16,160000,234,26728
16,160000,235,26387
16,160000,236,26413
16,160000,237,26483
16,160000,238,26497
16,160000,239,26557
16,160000,240,26891
16,160000,241,26262
16,160000,242,26618
16,160000,243,26529
16,160000,244,26385
16,160000,245,26516
16,160000,247,26786
16,160000,248,26254
16,160000,249,26611
16,160000,250,26571
16,160000,251,26759
16,160000,252,26919
16,160000,253,26687
16,160000,254,26996
16,160000,255,26618
16,160000,256,26663
16,160000,257,26655
16,160000,258,26502
16,160000,259,26797
16,160000,260,26649
16,160000,261,26702
16,160000,262,26501
16,160000,263,26803
16,160000,264,26783
16,160000,265,26765
16,160000,266,26433
16,160000,267,26476
16,160000,268,26992
16,160000,269,26646
16,160000,270,26713
16,160000,271,26747
16,160000,272,26844
16,160000,273,26491
16,160000,274,26627
16,160000,275,26478
16,160000,276,26466
16,160000,277,26535
16,160000,278,26608
16,160000,279,26379
16,160000,280,26734
16,160000,281,26749
16,160000,282,26689
16,160000,283,26730
16,160000,284,26265
16,160000,285,26248
16,160000,286,26392
16,160000,287,26417
16,160000,288,26552
16,160000,289,26603
16,160000,290,26490
16,160000,291,26489
16,160000,292,26496
16,160000,293,26299
16,160000,294,26531
16,160000,295,26469
16,160000,296,26965
16,160000,297,26586
16,160000,298,26792
16,160000,299,26908
16,160000,300,26577
16,160000,301,26756
16,160000,302,26716
16,160000,303,26758
16,160000,304,26777
16,160000,305,26391
16,160000,306,26797
16,160000,307,26421
16,160000,308,26811
16,160000,309,26438
16,160000,310,26740
16,160000,311,26685
16,160000,312,26468
16,160000,313,26219
16,160000,314,26511
16,160000,315,26990
16,160000,316,26462
16,160000,317,26683
16,160000,318,26482
16,160000,319,26328
16,160000,320,26377
16,160000,321,26539
16,160000,322,26618
16,160000,323,26475
16,160000,324,26750
16,160000,325,26819
16,160000,326,26715
16,160000,327,26685
16,160000,328,26627
16,160000,329,26679
16,160000,330,26707
16,160000,331,26476
16,160000,332,26771
16,160000,333,26559
16,160000,334,26801
16,160000,335,26632
16,160000,336,26849
16,160000,337,26569
16,160000,338,26572
16,160000,339,26885
16,160000,340,26905
16,160000,341,26737
16,160000,342,26769
16,160000,343,26827
16,160000,344,26478
16,160000,345,26650
16,160000,346,26676
16,160000,347,26568
16,160000,348,26922
16,160000,349,26689
13,139008,0,666
13,139008,2,606
13,139008,3,683
13,139008,4,678
13,139008,5,704
13,139008,6,671
13,139008,7,656
13,139008,8,643
13,139008,12,697
13,139008,13,659
13,139008,15,703
13,139008,16,672
13,139008,17,667
13,139008,18,638
13,139008,19,618
13,139008,20,637
13,139008,21,664
13,139008,22,637
13,139008,24,687
13,139008,26,677
13,139008,27,657
13,139008,28,661
13,139008,30,649
13,139008,31,684
13,139008,32,678
13,139008,33,696
13,139008,34,704
13,139008,36,664
13,139008,37,682
13,139008,38,671
13,139008,39,666
13,139008,40,679
13,139008,41,648
13,139008,42,627
13,139008,43,677
13,139008,44,719
13,139008,45,648
13,139008,46,677
13,139008,47,656
13,139008,49,634
13,139008,50,662
13,139008,53,653
13,139008,54,716
13,139008,56,661
13,139008,57,682
13,139008,58,615
13,139008,61,648
13,139008,62,664
13,139008,63,651
13,139008,64,672
13,139008,65,687
13,139008,66,635
13,139008,68,669
13,139008,70,643
13,139008,71,647
13,139008,73,691
13,139008,74,647
13,139008,75,635
13,139008,76,623
13,139008,77,646
13,139008,79,612
13,139008,80,664
13,139008,81,648
13,139008,83,627
13,139008,86,693
13,139008,87,710
13,139008,89,654
13,139008,90,591
13,139008,91,696
13,139008,92,666
13,139008,93,633
13,139008,94,644
13,139008,96,637
13,139008,97,661
13,139008,98,615
13,139008,99,645
13,139008,100,654
13,139008,101,709
13,139008,103,613
13,139008,106,671
13,139008,107,665
13,139008,109,647
13,139008,110,694
13,139008,111,632
13,139008,112,702
13,139008,113,625
13,139008,115,612
13,139008,116,613
13,139008,117,658
13,139008,118,654
13,139008,119,679
13,139008,120,631
13,139008,121,650
13,139008,122,670
13,139008,125,659
13,139008,127,665
13,139008,129,652
13,139008,130,704
13,139008,131,660
13,139008,134,664
13,139008,137,636
13,139008,138,629
13,139008,139,695
13,139008,140,646
13,139008,141,626
13,139008,142,673
13,139008,144,640
13,139008,145,664
13,139008,146,680
13,139008,147,631
13,139008,148,688
13,139008,149,691
13,139008,150,647
13,139008,151,617
13,139008,152,665
13,139008,153,716
13,139008,154,626
13,139008,156,682
13,139008,157,665
13,139008,158,659
13,139008,160,637
13,139008,162,633
13,139008,169,638
13,139008,170,651
13,139008,171,711
13,139008,172,681
13,139008,173,650
13,139008,174,651
13,139008,175,649
13,139008,176,668
13,139008,177,696
13,139008,179,704
13,139008,180,643
13,139008,181,676
13,139008,183,616
13,139008,184,670
13,139008,186,674
13,139008,187,660
13,139008,190,667
13,139008,191,648
13,139008,192,690
13,139008,193,656
13,139008,194,695
13,139008,195,697
13,139008,196,707
13,139008,197,702
13,139008,198,655
13,139008,199,617
13,139008,200,649
13,139008,201,651
13,139008,203,693
13,139008,204,683
13,139008,205,687
13,139008,206,649
13,139008,207,677
13,139008,209,660
13,139008,212,652
13,139008,213,677
13,139008,215,698
13,139008,216,647
13,139008,217,672
13,139008,220,664
13,139008,221,676
13,139008,222,719
13,139008,223,668
13,139008,224,706
13,139008,225,648
13,139008,226,690
13,139008,227,693
13,139008,228,630
13,139008,230,679
13,139008,231,658
13,139008,232,625
13,139008,233,651
13,139008,235,641
13,139008,236,640
13,139008,237,678
13,139008,239,600
13,139008,241,679
13,139008,242,640
13,139008,243,630
13,139008,244,651
13,139008,245,670
13,139008,246,678
13,139008,247,694
13,139008,248,644
13,139008,252,617
13,139008,253,639
13,139008,254,689
13,139008,255,704
13,139008,256,602
13,139008,257,690
13,139008,258,622
13,139008,259,645
13,139008,260,651
13,139008,261,647
13,139008,262,647
13,139008,263,661
13,139008,264,677
13,139008,265,676
13,139008,266,643
13,139008,267,666
13,139008,268,644
13,139008,269,673
13,139008,270,694
13,139008,271,604
13,139008,272,621
13,139008,273,647
13,139008,274,599
13,139008,275,675
13,139008,276,632
13,139008,277,657
13,139008,278,697
13,139008,279,648
13,139008,281,637
13,139008,283,663
13,139008,284,646
13,139008,285,702
13,139008,286,640
13,139008,287,633
13,139008,288,638
13,139008,290,647
13,139008,292,652
13,139008,294,637
13,139008,295,668
13,139008,297,632
13,139008,298,646
13,139008,299,677
13,139008,300,679
13,139008,301,680
13,139008,303,624
13,139008,304,677
13,139008,305,651
13,139008,306,694
13,139008,307,684
13,139008,308,646
13,139008,309,659
13,139008,310,668
13,139008,311,613
13,139008,313,683
13,139008,314,675
13,139008,315,662
13,139008,316,648
13,139008,317,666
13,139008,318,704
13,139008,319,671
13,139008,320,686
13,139008,321,624
13,139008,324,661
13,139008,326,680
13,139008,328,668
13,139008,329,692
13,139008,330,689
13,139008,331,679
13,139008,332,660
13,139008,335,632
13,139008,336,633
13,139008,337,649
13,139008,338,644
13,139008,339,672
13,139008,340,680
13,139008,341,641
13,139008,343,680
13,139008,345,629
13,139008,346,650
13,139008,347,678
13,139008,348,650
13,139008,349,634
13,139008,350,640
13,139008,351,659
13,139008,352,659
13,139008,354,645
13,139008,355,694
13,139008,358,674
13,139008,359,655
13,139008,360,663
13,139008,361,713
13,139008,362,649
13,139008,363,636
13,139008,365,616
13,139008,366,658
13,139008,367,666
13,139008,368,697
13,139008,369,670
13,139008,370,669
13,139008,371,635
13,139008,372,620
13,139008,373,685
13,139008,374,647
13,139008,375,649
13,139008,376,671
13,139008,378,683
13,139008,379,627
13,139008,380,622
13,139008,382,682
13,139008,383,707
13,139008,385,667
13,139008,386,643
13,139008,387,651
13,139008,388,647
13,139008,389,614
13,139008,390,632
13,139008,392,649
13,139008,393,621
13,139008,394,633
13,139008,396,605
13,139008,398,630
13,139008,399,642
13,139008,400,660
13,139008,402,620
13,139008,403,648
13,139008,404,666
13,139008,405,696
13,139008,407,709
13,139008,408,588
13,139008,409,686
13,139008,410,619
13,139008,411,707
13,139008,412,648
13,139008,413,669
13,139008,414,662
13,139008,417,686
13,139008,418,645
13,139008,419,701
13,139008,420,652
13,139008,422,623
13,139008,423,620
13,139008,424,642
13,139008,425,678
13,139008,426,626
13,139008,427,623
13,139008,428,675
13,139008,430,646
13,139008,431,675
13,139008,432,606
13,139008,433,632
13,139008,434,708
13,139008,435,683
13,139008,436,634
13,139008,437,648
13,139008,438,642
13,139008,439,657
13,139008,440,680
13,139008,441,665
13,139008,442,644
13,139008,443,733
13,139008,445,615
13,139008,446,632
13,139008,450,640
13,139008,451,652
13,139008,452,630
13,139008,455,662
13,139008,456,621
13,139008,457,649
13,139008,459,698
13,139008,460,659
13,139008,461,663
13,139008,462,666
13,139008,463,646
13,139008,465,644
13,139008,467,687
13,139008,468,623
13,139008,469,672
13,139008,471,625
13,139008,472,684
13,139008,473,684
13,139008,474,663
13,139008,475,699
13,139008,476,683
13,139008,477,687
13,139008,478,661
13,139008,480,706
13,139008,482,628
13,139008,483,626
13,139008,484,698
13,139008,486,693
13,139008,488,651
13,139008,489,651
13,139008,490,634
13,139008,491,674
13,139008,492,656
13,139008,493,662
13,139008,494,627
13,139008,495,650
13,139008,497,683
13,139008,498,649
13,139008,500,678
13,139008,501,688
13,139008,502,676
13,139008,503,654
13,139008,504,669
13,139008,506,663
13,139008,507,604
13,139008,510,653
13,139008,511,678
13,139008,512,674
13,139008,513,686
13,139008,514,652
13,139008,515,636
13,139008,517,640
13,139008,518,675
13,139008,519,632
13,139008,520,694
13,139008,521,697
13,139008,522,677
13,139008,523,623
13,139008,524,617
13,139008,525,639
13,139008,529,655
13,139008,530,627
13,139008,531,654
13,139008,532,646
13,139008,533,654
13,139008,534,584
13,139008,535,648
13,139008,536,716
13,139008,538,651
13,139008,539,668
13,139008,540,657
13,139008,541,651
13,139008,542,684
13,139008,543,636
13,139008,544,705
13,139008,546,639
13,139008,547,634
13,139008,548,666
13,139008,549,629
13,139008,551,661
13,139008,552,658
13,139008,554,684
13,139008,555,652
13,139008,556,633
13,139008,557,661
13,139008,560,658
13,139008,561,662
13,139008,562,694
13,139008,563,642
13,139008,564,640
13,139008,565,691
13,139008,566,663
13,139008,567,681
13,139008,568,610
13,139008,569,647
13,139008,570,679
13,139008,571,652
13,139008,572,656
13,139008,573,605
13,139008,574,676
13,139008,575,639
13,139008,578,613
13,139008,579,651
13,139008,580,651
13,139008,581,651
13,139008,582,642
13,139008,583,668
13,139008,584,654
13,139008,586,629
13,139008,588,626
13,139008,589,638
13,139008,591,671
13,139008,592,671
13,139008,593,640
13,139008,594,678
13,139008,595,635
13,139008,596,629
13,139008,598,644
13,139008,600,645
13,139008,602,632
13,139008,604,631
13,139008,606,672
13,139008,608,684
13,139008,609,652
13,139008,612,640
13,139008,613,648
13,139008,616,688
13,139008,617,661
13,139008,619,630
13,139008,623,673
13,139008,624,642
13,139008,625,629
13,139008,626,632
13,139008,627,626
13,139008,628,668
13,139008,630,632
13,139008,634,653
13,139008,636,652
13,139008,637,639
13,139008,638,620
13,139008,641,666
13,139008,644,636
13,139008,647,659
13,139008,648,664
13,139008,649,642
13,139008,651,618
13,139008,652,675
13,139008,653,665
13,139008,654,661
13,139008,656,669
13,139008,658,684
13,139008,659,628
13,139008,661,656
13,139008,662,652
13,139008,666,630
13,139008,667,652
13,139008,669,675
13,139008,670,587
13,139008,671,638
13,139008,672,694
13,139008,673,655
13,139008,674,699
13,139008,675,643
13,139008,676,707
13,139008,677,655
13,139008,678,621
13,139008,680,698
13,139008,681,679
13,139008,682,695
13,139008,684,612
13,139008,686,654
13,139008,687,652
13,139008,688,692
13,139008,689,594
13,139008,691,668
13,139008,692,636
13,139008,693,655
13,139008,694,646
13,139008,695,671
13,139008,696,677
13,139008,697,658
13,139008,698,656
13,139008,700,647
13,139008,701,711
13,139008,702,622
13,139008,703,639
13,139008,704,640
13,139008,705,749
13,139008,706,639
13,139008,708,675
13,139008,709,644
13,139008,710,643
13,139008,712,658
13,139008,713,646
13,139008,714,657
13,139008,715,655
13,139008,716,658
13,139008,717,627
13,139008,718,681
13,139008,719,696
13,139008,721,639
13,139008,722,695
13,139008,727,615
13,139008,728,668
13,139008,730,673
13,139008,731,702
13,139008,732,674
13,139008,733,673
13,139008,734,672
13,139008,735,695
13,139008,736,666
13,139008,739,661
13,139008,740,637
13,139008,741,642
13,139008,742,642
13,139008,744,692
13,139008,745,685
13,139008,747,637
13,139008,748,628
13,139008,749,684
13,139008,750,637
13,139008,751,633
13,139008,752,664
13,139008,753,653
13,139008,754,670
13,139008,755,639
13,139008,756,631
13,139008,757,632
13,139008,758,658
13,139008,759,669
13,139008,760,670
13,139008,761,596
13,139008,763,704
13,139008,764,663
13,139008,768,639
13,139008,769,673
13,139008,770,683
13,139008,771,647
13,139008,773,652
13,139008,774,648
13,139008,775,645
13,139008,776,639
13,139008,777,668
13,139008,778,638
13,139008,780,670
13,139008,781,687
13,139008,782,644
13,139008,783,650
13,139008,784,670
13,139008,785,655
13,139008,786,694
13,139008,787,628
13,139008,789,636
13,139008,790,686
13,139008,791,641
13,139008,793,720
13,139008,794,690
13,139008,797,708
13,139008,798,668
13,139008,799,660
13,139008,800,667
13,139008,801,627
13,139008,802,660
13,139008,803,623
13,139008,804,619
13,139008,805,685
13,139008,806,636
13,139008,807,663
13,139008,810,653
13,139008,811,633
13,139008,812,653
13,139008,813,651
13,139008,816,630
13,139008,817,688
13,139008,818,599
13,139008,819,652
13,139008,820,690
13,139008,821,648
13,139008,822,711
13,139008,823,685
13,139008,824,628
13,139008,825,655
13,139008,826,669
13,139008,827,656
13,139008,828,644
13,139008,831,659
13,139008,832,653
13,139008,833,637
13,139008,834,697
13,139008,835,679
13,139008,836,648
13,139008,838,714
13,139008,839,655
13,139008,841,676
13,139008,842,662
13,139008,843,657
13,139008,845,659
13,139008,846,643
13,139008,848,688
13,139008,849,657
13,139008,850,684
13,139008,851,646
13,139008,852,637
13,139008,853,686
13,139008,854,658
13,139008,857,641
13,139008,858,665
13,139008,859,699
13,139008,860,739
13,139008,861,675
13,139008,863,683
13,139008,864,672
13,139008,865,638
13,139008,867,645
13,139008,868,646
13,139008,870,637
13,139008,871,652
13,139008,872,675
13,139008,873,658
13,139008,874,652
13,139008,875,668
13,139008,877,669
13,139008,881,677
13,139008,882,690
13,139008,883,680
13,139008,884,687
13,139008,885,645
13,139008,886,667
13,139008,888,659
13,139008,889,700
13,139008,891,656
13,139008,892,686
13,139008,894,665
13,139008,896,672
13,139008,897,642
13,139008,899,704
13,139008,903,696
13,139008,909,662
13,139008,910,652
13,139008,911,653
13,139008,912,681
13,139008,914,649
13,139008,915,658
13,139008,916,665
13,139008,917,629
13,139008,918,658
13,139008,919,628
13,139008,920,630
13,139008,921,628
13,139008,923,628
13,139008,924,651
13,139008,926,686
13,139008,927,692
13,139008,928,641
13,139008,929,643
13,139008,931,685
13,139008,932,646
13,139008,933,695
13,139008,935,688
13,139008,936,644
13,139008,937,676
13,139008,938,638
13,139008,939,648
13,139008,940,680
13,139008,941,633
13,139008,942,633
13,139008,943,679
13,139008,944,654
13,139008,946,685
13,139008,947,687
13,139008,948,675
13,139008,949,661
13,139008,950,628
13,139008,951,653
13,139008,952,672
13,139008,953,627
13,139008,954,664
13,139008,955,666
13,139008,956,663
13,139008,957,658
13,139008,958,612
13,139008,959,657
13,139008,960,620
13,139008,961,646
13,139008,964,639
13,139008,965,674
13,139008,966,649
13,139008,967,678
13,139008,968,628
13,139008,969,634
13,139008,970,650
13,139008,972,681
13,139008,973,690
13,139008,974,668
13,139008,975,659
13,139008,976,679
13,139008,981,683
13,139008,982,652
13,139008,983,647
13,139008,984,741
13,139008,986,687
13,139008,987,670
13,139008,988,651
13,139008,989,716
13,139008,990,655
13,139008,991,608
13,139008,992,658
13,139008,993,640
13,139008,994,638
13,139008,996,716
13,139008,997,604
13,139008,998,691
13,139008,999,675
13,139008,1000,655
13,139008,1002,630
13,139008,1003,697
13,139008,1004,644
13,139008,1008,627
13,139008,1009,654
13,139008,1010,621
13,139008,1011,616
13,139008,1012,653
13,139008,1013,614
13,139008,1015,699
13,139008,1016,659
13,139008,1018,661
13,139008,1019,665
13,139008,1020,655
13,139008,1021,651
13,139008,1022,580
13,139008,1023,658
13,139008,1024,635
13,139008,1026,622
13,139008,1028,657
13,139008,1029,664
13,139008,1030,665
13,139008,1031,695
13,139008,1032,688
13,139008,1033,683
13,139008,1034,644
13,139008,1036,667
13,139008,1039,668
13,139008,1040,672
13,139008,1041,680
13,139008,1042,657
13,139008,1043,651
13,139008,1044,664
13,139008,1045,684
13,139008,1047,679
13,139008,1048,672
13,139008,1049,647
13,139008,1050,677
13,139008,1053,705
13,139008,1055,625
13,139008,1056,654
13,139008,1057,656
13,139008,1058,632
13,139008,1060,653
13,139008,1061,659
13,139008,1062,655
13,139008,1063,639
13,139008,1064,702
13,139008,1066,659
13,139008,1069,636
13,139008,1070,702
13,139008,1071,663
13,139008,1072,630
13,139008,1074,633
13,139008,1075,679
13,139008,1076,672
13,139008,1077,674
13,139008,1078,653
13,139008,1079,675
13,139008,1080,657
13,139008,1081,652
13,139008,1082,650
13,139008,1084,640
13,139008,1085,673
13,139008,1086,644
13,139008,1087,677
13,139008,1089,653
13,139008,1090,647
13,139008,1091,688
13,139008,1092,622
13,139008,1094,633
13,139008,1095,660
13,139008,1096,676
13,139008,1098,660
13,139008,1099,649
13,139008,1100,690
13,139008,1101,638
13,139008,1102,676
13,139008,1103,656
13,139008,1104,674
13,139008,1105,685
13,139008,1106,612
13,139008,1107,638
13,139008,1108,719
13,139008,1109,668
13,139008,1111,672
13,139008,1112,651
13,139008,1113,652
13,139008,1114,681
13,139008,1115,642
13,139008,1117,625
13,139008,1118,623
13,139008,1119,648
13,139008,1121,661
13,139008,1123,661
13,139008,1124,670
13,139008,1125,701
13,139008,1127,671
13,139008,1128,653
13,139008,1129,682
13,139008,1130,656
13,139008,1131,638
13,139008,1132,643
13,139008,1133,653
13,139008,1134,685
13,139008,1136,673
13,139008,1138,651
13,139008,1141,683
13,139008,1142,605
13,139008,1143,674
13,139008,1144,680
13,139008,1148,682
13,139008,1149,637
13,139008,1150,652
13,139008,1151,689
13,139008,1152,679
13,139008,1153,657
13,139008,1154,692
13,139008,1155,616
13,139008,1156,676
13,139008,1157,661
13,139008,1159,629
13,139008,1161,679
13,139008,1162,694
13,139008,1163,696
13,139008,1164,663
13,139008,1165,671
13,139008,1166,628
13,139008,1167,638
13,139008,1168,668
13,139008,1170,635
13,139008,1172,666
13,139008,1174,688
13,139008,1175,655
13,139008,1177,687
13,139008,1178,619
13,139008,1179,649
13,139008,1180,608
13,139008,1181,660
13,139008,1182,670
13,139008,1183,666
13,139008,1185,607
13,139008,1186,627
13,139008,1187,631
13,139008,1188,677
13,139008,1189,681
13,139008,1191,653
13,139008,1192,665
13,139008,1193,674
13,139008,1195,725
13,139008,1196,680
13,139008,1197,640
13,139008,1198,636
13,139008,1199,625
13,139008,1200,662
13,139008,1202,616
13,139008,1203,660
13,139008,1204,640
13,139008,1205,659
13,139008,1206,650
13,139008,1207,673
13,139008,1208,644
13,139008,1209,679
13,139008,1210,714
13,139008,1211,672
13,139008,1212,659
13,139008,1213,663
13,139008,1215,641
13,139008,1216,666
13,139008,1217,650
13,139008,1218,660
13,139008,1219,610
13,139008,1220,678
13,139008,1221,665
13,139008,1222,670
13,139008,1223,701
13,139008,1224,680
13,139008,1225,657
13,139008,1226,629
13,139008,1227,591
13,139008,1228,665
13,139008,1229,644
13,139008,1230,650
13,139008,1231,656
13,139008,1232,667
13,139008,1233,631
13,139008,1234,634
13,139008,1236,668
13,139008,1237,661
13,139008,1238,640
13,139008,1240,662
13,139008,1241,633
13,139008,1242,635
13,139008,1243,670
13,139008,1244,687
13,139008,1248,671
13,139008,1249,596
13,139008,1251,671
13,139008,1252,666
13,139008,1254,645
13,139008,1255,630
13,139008,1256,665
13,139008,1257,641
13,139008,1258,709
13,139008,1259,684
13,139008,1260,682
13,139008,1261,644
13,139008,1263,684
13,139008,1264,630
13,139008,1265,643
13,139008,1266,686
13,139008,1267,701
13,139008,1268,634
13,139008,1272,696
13,139008,1273,665
13,139008,1275,633
13,139008,1276,656
13,139008,1278,680
13,139008,1280,650
13,139008,1281,634
13,139008,1282,648
13,139008,1284,678
13,139008,1287,659
13,139008,1288,625
13,139008,1289,634
13,139008,1290,653
13,139008,1291,646
13,139008,1293,690
13,139008,1294,645
13,139008,1298,620
13,139008,1300,649
13,139008,1301,631
13,139008,1303,678
13,139008,1304,652
13,139008,1306,630
13,139008,1307,656
13,139008,1308,687
13,139008,1309,623
13,139008,1313,698
13,139008,1315,674
13,139008,1316,665
13,139008,1318,706
13,139008,1319,662
13,139008,1320,679
13,139008,1321,652
13,139008,1322,643
13,139008,1323,684
13,139008,1324,644
13,139008,1325,610
13,139008,1326,643
13,139008,1328,638
13,139008,1330,705
13,139008,1331,684
13,139008,1332,663
13,139008,1336,635
13,139008,1337,687
13,139008,1339,646
13,139008,1340,680
13,139008,1341,661
13,139008,1342,674
13,139008,1343,676
13,139008,1344,640
13,139008,1345,685
13,139008,1346,643
13,139008,1347,639
13,139008,1348,661
13,139008,1349,654
13,139008,1350,649
13,139008,1352,627
13,139008,1353,680
13,139008,1354,685
13,139008,1356,712
13,139008,1358,660
13,139008,1359,633
13,139008,1360,645
13,139008,1361,718
13,139008,1362,673
13,139008,1363,658
13,139008,1364,670
13,139008,1365,665
13,139008,1367,644
13,139008,1368,628
13,139008,1369,654
13,139008,1370,696
13,139008,1371,673
13,139008,1372,683
13,139008,1373,615
13,139008,1375,677
13,139008,1376,697
13,139008,1377,619
13,139008,1378,703
13,139008,1379,669
13,139008,1382,630
13,139008,1383,623
13,139008,1384,707
13,139008,1385,661
13,139008,1388,658
13,139008,1389,655
13,139008,1391,672
13,139008,1392,605
13,139008,1393,678
13,139008,1394,688
13,139008,1395,633
13,139008,1396,623
13,139008,1401,637
13,139008,1405,688
13,139008,1406,668
13,139008,1408,622
13,139008,1409,653
13,139008,1410,646
13,139008,1411,656
13,139008,1412,696
13,139008,1413,631
13,139008,1415,687
13,139008,1416,634
13,139008,1418,643
13,139008,1419,676
13,139008,1420,644
13,139008,1421,625
13,139008,1423,624
13,139008,1424,633
13,139008,1425,657
13,139008,1427,628
13,139008,1428,696
13,139008,1430,675
13,139008,1431,676
13,139008,1432,667
13,139008,1433,657
13,139008,1434,630
13,139008,1436,656
13,139008,1439,684
-1,888003,0,2257
-1,888003,1,2206
-1,888003,2,2177
-1,888003,3,2181
-1,888003,4,2043
-1,888003,5,2178
-1,888003,6,2185
-1,888003,7,2187
-1,888003,8,2183
-1,888003,9,2209
-1,888003,10,2208
-1,888003,11,2154
-1,888003,12,2170
-1,888003,13,2113
-1,888003,14,2119
-1,888003,15,2160
-1,888003,16,2231
-1,888003,17,2229
-1,888003,18,2124
-1,888003,19,2224
-1,888003,20,2198
-1,888003,21,2145
-1,888003,22,2192
-1,888003,23,2156
-1,888003,24,2144
-1,888003,25,2205
-1,888003,26,2239
-1,888003,27,2140
-1,888003,28,2137
-1,888003,29,2190
-1,888003,30,2088
-1,888003,31,2147
-1,888003,32,2230
-1,888003,33,2067
-1,888003,34,2201
-1,888003,35,2157
-1,888003,36,2264
-1,888003,37,2171
-1,888003,38,2197
-1,888003,39,2209
-1,888003,40,2184
-1,888003,41,2207
-1,888003,42,2142
-1,888003,43,2181
-1,888003,44,2133
-1,888003,45,2118
-1,888003,46,2105
-1,888003,47,2177
-1,888003,48,2150
-1,888003,49,2171
-1,888003,50,2174
-1,888003,51,2128
-1,888003,52,2224
-1,888003,53,2132
-1,888003,54,2198
-1,888003,55,2210
-1,888003,56,2186
-1,888003,57,2276
-1,888003,58,2189
-1,888003,59,2220
-1,888003,60,2140
-1,888003,61,2170
-1,888003,62,2216
-1,888003,63,2153
-1,888003,64,2054
-1,888003,65,2128
-1,888003,66,2187
-1,888003,67,2160
-1,888003,68,2148
-1,888003,69,2163
-1,888003,70,2140
-1,888003,71,2179
-1,888003,72,2113
-1,888003,73,2281
-1,888003,74,2123
-1,888003,75,2174
-1,888003,76,2184
-1,888003,77,2142
-1,888003,78,2162
-1,888003,79,2146
-1,888003,80,2227
-1,888003,81,2248
-1,888003,82,2114
-1,888003,83,2244
-1,888003,84,2179
-1,888003,85,2183
-1,888003,86,2140
-1,888003,87,2212
-1,888003,88,2171
-1,888003,89,2170
-1,888003,90,2196
-1,888003,91,2182
-1,888003,92,2125
-1,888003,93,2279
-1,888003,94,2142
-1,888003,95,2148
-1,888003,96,2189
-1,888003,97,2227
-1,888003,98,2184
-1,888003,99,2200
-1,888003,100,2120
-1,888003,101,2196
-1,888003,102,2241
-1,888003,103,2199
-1,888003,104,2150
-1,888003,105,2230
-1,888003,106,2209
-1,888003,107,2202
-1,888003,108,2178
-1,888003,109,2158
-1,888003,110,2221
-1,888003,111,2176
-1,888003,112,2164
-1,888003,113,2226
-1,888003,114,2197
-1,888003,115,2174
-1,888003,116,2162
-1,888003,117,2182
-1,888003,118,2091
-1,888003,119,2143
-1,888003,120,2206
-1,888003,121,2140
-1,888003,122,2200
-1,888003,123,2147
-1,888003,124,2215
-1,888003,125,2156
-1,888003,126,2248
-1,888003,127,2245
-1,888003,128,2163
-1,888003,129,2122
-1,888003,130,2217
-1,888003,131,2196
-1,888003,132,2125
-1,888003,133,2051
-1,888003,134,2210
-1,888003,135,2142
-1,888003,136,2113
-1,888003,137,2132
-1,888003,138,2199
-1,888003,139,2183
-1,888003,140,2212
-1,888003,141,2132
-1,888003,142,2166
-1,888003,143,2114
-1,888003,144,2239
-1,888003,145,2116
-1,888003,146,2210
-1,888003,147,2230
-1,888003,148,2111
-1,888003,149,2132
-1,888003,150,2219
-1,888003,151,2209
-1,888003,152,2195
-1,888003,153,2133
-1,888003,154,2203
-1,888003,155,2092
-1,888003,156,2192
-1,888003,157,2192
-1,888003,158,2184
-1,888003,159,2110
-1,888003,160,2192
-1,888003,161,2106
-1,888003,162,2080
-1,888003,163,2163
-1,888003,164,2120
-1,888003,165,2198
-1,888003,166,2157
-1,888003,167,2126
-1,888003,168,2109
-1,888003,169,2092
-1,888003,170,2184
-1,888003,171,2119
-1,888003,172,2219
-1,888003,173,2275
-1,888003,174,2201
-1,888003,175,2156
-1,888003,176,2176
-1,888003,177,2164
-1,888003,178,2274
-1,888003,179,2247
-1,888003,180,2178
-1,888003,181,2198
-1,888003,182,2149
-1,888003,183,2118
-1,888003,184,2088
-1,888003,185,2105
-1,888003,186,2212
-1,888003,187,2117
-1,888003,188,2123
-1,888003,189,2117
-1,888003,190,2208
-1,888003,191,2184
-1,888003,192,2157
-1,888003,193,2241
-1,888003,194,2223
-1,888003,195,2166
-1,888003,196,2143
-1,888003,197,2137
-1,888003,198,2132
-1,888003,199,2155
-1,888003,200,2106
-1,888003,201,2177
-1,888003,202,2107
-1,888003,203,2148
-1,888003,204,2240
-1,888003,205,2138
-1,888003,206,2165
-1,888003,207,2186
-1,888003,208,2102
-1,888003,209,2204
-1,888003,210,2168
-1,888003,211,2213
-1,888003,212,2206
-1,888003,213,2179
-1,888003,214,2166
-1,888003,215,2124
-1,888003,216,2141
-1,888003,217,2136
-1,888003,218,2112
-1,888003,219,2179
-1,888003,220,2086
-1,888003,221,2032
-1,888003,222,2148
-1,888003,223,2257
-1,888003,224,2208
-1,888003,225,2170
-1,888003,226,2178
-1,888003,227,2221
-1,888003,228,2170
-1,888003,229,2249
-1,888003,230,2249
-1,888003,231,2192
-1,888003,232,2137
-1,888003,233,2178
-1,888003,234,2134
-1,888003,235,2189
-1,888003,236,2219
-1,888003,237,2195
-1,888003,238,2112
-1,888003,239,2165
-1,888003,240,2175
-1,888003,241,2187
-1,888003,242,2170
-1,888003,243,2115
-1,888003,244,2134
-1,888003,245,2177
-1,888003,246,2147
-1,888003,247,2140
-1,888003,248,2220
-1,888003,249,2176
-1,888003,250,2240
-1,888003,251,2215
-1,888003,252,2148
-1,888003,253,2241
-1,888003,254,2264
-1,888003,255,2192
-1,888003,256,2126
-1,888003,257,2218
-1,888003,258,2173
-1,888003,259,2107
-1,888003,260,2127
-1,888003,261,2219
-1,888003,262,2185
-1,888003,263,2146
-1,888003,264,2232
-1,888003,265,2091
-1,888003,266,2187
-1,888003,267,2179
-1,888003,268,2188
-1,888003,269,2244
-1,888003,270,2209
-1,888003,271,2149
-1,888003,272,2149
-1,888003,273,2192
-1,888003,274,2115
-1,888003,275,2215
-1,888003,276,2197
-1,888003,277,2129
-1,888003,278,2190
-1,888003,279,2172
-1,888003,280,2144
-1,888003,281,2126
-1,888003,282,2243
-1,888003,283,2224
-1,888003,284,2174
-1,888003,285,2215
-1,888003,286,2190
-1,888003,287,2343
-1,888003,288,2168
-1,888003,289,2175
-1,888003,290,2144
-1,888003,291,2171
-1,888003,292,2120
-1,888003,293,2181
-1,888003,294,2195
-1,888003,295,2176
-1,888003,296,2144
-1,888003,297,2112
-1,888003,298,2215
-1,888003,299,2138
-1,888003,300,2196
-1,888003,301,2238
-1,888003,302,2150
-1,888003,303,2146
-1,888003,304,2101
-1,888003,305,2196
-1,888003,306,2162
-1,888003,307,2189
-1,888003,308,2162
-1,888003,309,2098
-1,888003,310,2299
-1,888003,311,2299
-1,888003,312,2186
-1,888003,313,2227
-1,888003,314,2198
-1,888003,315,2220
-1,888003,316,2106
-1,888003,317,2190
-1,888003,318,2131
-1,888003,319,2124
-1,888003,320,2166
-1,888003,321,2114
-1,888003,322,2154
-1,888003,323,2101
-1,888003,324,2218
-1,888003,325,2194
-1,888003,326,2202
-1,888003,327,2239
-1,888003,328,2121
-1,888003,329,2148
-1,888003,330,2203
-1,888003,331,2108
-1,888003,332,2096
-1,888003,333,2204
-1,888003,334,2152
-1,888003,335,2152
-1,888003,336,2151
-1,888003,337,2116
-1,888003,338,2049
-1,888003,339,2103
-1,888003,340,2145
-1,888003,341,2196
-1,888003,342,2138
-1,888003,343,2193
-1,888003,344,2306
-1,888003,345,2198
-1,888003,346,2214
-1,888003,347,2122
-1,888003,348,2133
-1,888003,349,2129
-1,888003,350,2234
-1,888003,351,2205
-1,888003,352,2176
-1,888003,353,2141
-1,888003,354,2204
-1,888003,355,2183
-1,888003,356,2160
-1,888003,357,2151
-1,888003,358,2083
-1,888003,359,2249
-1,888003,360,2185
-1,888003,361,2140
-1,888003,362,2152
-1,888003,363,2212
-1,888003,364,2208
-1,888003,365,2191
-1,888003,366,2164
-1,888003,367,2186
-1,888003,368,2147
-1,888003,369,2253
-1,888003,370,2206
-1,888003,371,2132
-1,888003,372,2139
-1,888003,373,2191
-1,888003,374,2132
-1,888003,375,2159
-1,888003,376,2148
-1,888003,377,2221
-1,888003,378,2091
-1,888003,379,2204
-1,888003,380,2199
-1,888003,381,2111
-1,888003,382,2165
-1,888003,383,2251
-1,888003,384,2181
-1,888003,385,2197
-1,888003,386,2214
-1,888003,387,2211
-1,888003,388,2156
-1,888003,389,2148
-1,888003,390,2131
-1,888003,391,2144
-1,888003,392,2216
-1,888003,393,2208
-1,888003,394,2255
-1,888003,395,2161
-1,888003,396,2122
-1,888003,397,2216
-1,888003,398,2183
-1,888003,399,2141
-1,888003,400,2127
